<?xml version="1.0" encoding="UTF-8"?>
<!-- <beans xmlns="http://www.springframework.org/schema/beans"
   xmlns:xsi="http://www.w3.org/2001/XMLSchema-instance" xmlns:p="http://www.springframework.org/schema/p"
   xmlns:context="http://www.springframework.org/schema/context"
   xmlns:mvc="http://www.springframework.org/schema/mvc"
    xmlns:tx="http://www.springframework.org/schema/tx"
   xsi:schemaLocation="http://www.springframework.org/schema/beans/spring-beans-4.1.xsd  
     http://www.springframework.org/schema/context/spring-context-4.1.xsd    
    
    http://www.springframework.org/schema/tx/spring-tx.xsd
     http://www.springframework.org/schema/mvc/spring-mvc-4.1.xsd">
      -->
      
      
      <beans xmlns="http://www.springframework.org/schema/beans"
       xmlns:context="http://www.springframework.org/schema/context"
         xmlns:mvc="http://www.springframework.org/schema/mvc" 
       xmlns:aop="http://www.springframework.org/schema/aop"
       xmlns:tx="http://www.springframework.org/schema/tx"
       xmlns:xsi="htp://www.w3.org/2001/XMLSchema-instance"
       xsi:schemaLocation="http://www.springframework.org/schema/beans
       http://www.springframework.org/schema/beans/spring-beans-3.0.xsd
       http://www.springframework.org/schema/context
       http://www.springframework.org/schema/context/spring-context-3.0.xsd
       http://www.springframework.org/schema/aop
       http://www.springframework.org/schema/aop/spring-aop-3.0.xsd
       http://www.springframework.org/schema/tx
       http://www.springframework.org/schema/tx/spring-tx-3.0.xsd
       http://www.springframework.org/schema/mvc/spring-mvc-4.1.xsd">
    
       <mvc:annotation-driven />
    <context:component-scan base-package="com.sampleproject.controller" />
 
    Getting Database properties
    <context:property-placeholder location="/sampleproject/src/main/resources/application.properties" />
 
 
    Specifying the Resource location to load JS, CSS, Images etc
    <mvc:resources mapping="/resources/**" location="/resources/" />
 
    View Resolver
    <bean
        class="org.springframework.web.servlet.view.InternalResourceViewResolver">
        <property name="prefix" value="/WEB-INF/pages/" />
        <property name="suffix" value=".jsp" />
    </bean>
 
    DataSource
    <bean class="org.springframework.jdbc.datasource.DriverManagerDataSource"
        id="dataSource">
        <property name="driverClassName" value="${database.driver}"></property>
        <property name="url" value="${database.url}"></property>
        <property name="username" value="${database.user}"></property>
        <property name="password" value="${database.password}"></property>
    </bean>
 
    Hibernate SessionFactory
    <bean id="sessionFactory"
        class="org.springframework.orm.hibernate4.LocalSessionFactoryBean">
        <property name="dataSource" ref="dataSource"></property>
        <property name="hibernateProperties">
            <props>
                <prop key="hibernate.dialect">${hibernate.dialect}</prop>
                <prop key="hibernate.hbm2ddl.auto">${hibernate.hbm2ddl.auto}</prop>
                <prop key="hibernate.format_sql">${hibernate.format_sql}</prop>
                <prop key="hibernate.show_sql">${hibernate.show_sql}</prop>
            </props>
        </property>
        <property name="packagesToScan" value="/sampleproject/src/main/java/com/sampleproject/controller/PlansController.java"></property>
    </bean>
 
    Transaction
    <bean id="transactionManager"
        class="org.springframework.orm.hibernate4.HibernateTransactionManager">
        <property name="sessionFactory" ref="sessionFactory" />
    </bean>
 
    <tx:annotation-driven transaction-manager="transactionManager" />
</beans> 